Year,Month,Day,Population,Residential Properties,Non-residential property,Water_Supplied_inMLD,Industry
2015,4,1,4648199,1223800,332863,1038.2,23.5691
2015,4,2,4648368,1223930,332993,1021.73,
2015,4,3,4648537,1224060,333123,994.75,
2015,4,4,4648706,1224190,333253,1012.91,
2015,4,5,4648875,1224320,333383,1020.29,
2015,4,6,4649044,1224450,333513,992.07,
2015,4,7,4649213,1224580,333643,1038.71,
2015,4,8,4649382,1224710,333773,979.93,
2015,4,9,4649551,1224840,333903,1019.28,
2015,4,10,4649720,1224970,334033,1029.46,
2015,4,11,4649889,1225100,334163,995.65,
2015,4,12,4650058,1225230,334293,1038.77,
2015,4,13,4650227,1225360,334423,1040.71,
2015,4,14,4650396,1225490,334553,1032.04,
2015,4,15,4650565,1225620,334683,1043.19,
2015,4,16,4650734,1225750,334813,1032.02,
2015,4,17,4650903,1225880,334943,1001.26,
2015,4,18,4651072,1226010,335073,1024.36,
2015,4,19,4651241,1226140,335203,1037.84,
2015,4,20,4651410,1226270,335333,1020.64,
2015,4,21,4651579,1226400,335463,1024.62,
2015,4,22,4651748,1226530,335593,1038.74,
2015,4,23,4651917,1226660,335723,1010.68,
2015,4,24,4652086,1226790,335853,1021.58,
2015,4,25,4652255,1226920,335983,1053.56,
2015,4,26,4652424,1227050,336113,1056.64,
2015,4,27,4652593,1227180,336243,988.63,
2015,4,28,4652762,1227310,336373,1053.49,
2015,4,29,4652931,1227440,336503,1044.69,
2015,4,30,4653100,1227570,336633,1053.43,
2015,5,1,4653269,1227700,336763,1033.71,
2015,5,2,4653438,1227830,336893,1055.72,
2015,5,3,4653607,1227960,337023,1073.24,
2015,5,4,4653776,1228090,337153,1048.78,
2015,5,5,4653945,1228220,337283,1011.97,
2015,5,6,4654114,1228350,337413,1048.64,
2015,5,7,4654283,1228480,337543,1036.64,
2015,5,8,4654452,1228610,337673,1024.28,
2015,5,9,4654621,1228740,337803,1042.05,
2015,5,10,4654790,1228870,337933,1045.86,
2015,5,11,4654959,1229000,338063,1046.89,
2015,5,12,4655128,1229130,338193,1019.77,
2015,5,13,4655297,1229260,338323,1021.4,
2015,5,14,4655466,1229390,338453,1038.77,
2015,5,15,4655635,1229520,338583,1062.28,
2015,5,16,4655804,1229650,338713,1082.64,
2015,5,17,4655973,1229780,338843,1026.79,
2015,5,18,4656142,1229910,338973,1024,
2015,5,19,4656311,1230040,339103,1035.61,
2015,5,20,4656480,1230170,339233,1033.59,
2015,5,21,4656649,1230300,339363,1011.02,
2015,5,22,4656818,1230430,339493,998.96,
2015,5,23,4656987,1230560,339623,967.38,
2015,5,24,4657156,1230690,339753,1066.24,
2015,5,25,4657325,1230820,339883,1081.66,
2015,5,26,4657494,1230950,340013,1055.59,
2015,5,27,4657663,1231080,340143,1052.2,
2015,5,28,4657832,1231210,340273,1027.31,
2015,5,29,4658001,1231340,340403,1017.52,
2015,5,30,4658170,1231470,340533,1028.7,
2015,5,31,4658339,1231600,340663,1052.52,
2015,6,1,4658508,1231730,340793,1027.37,
2015,6,2,4658677,1231860,340923,998.17,
2015,6,3,4658846,1231990,341053,1050.4,
2015,6,4,4659015,1232120,341183,1050.73,
2015,6,5,4659184,1232250,341313,1059.41,
2015,6,6,4659353,1232380,341443,1042.45,
2015,6,7,4659522,1232510,341573,1023.68,
2015,6,8,4659691,1232640,341703,1034.67,
2015,6,9,4659860,1232770,341833,1030.73,
2015,6,10,4660029,1232900,341963,1083.23,
2015,6,11,4660198,1233030,342093,1042.62,
2015,6,12,4660367,1233160,342223,1062.78,
2015,6,13,4660536,1233290,342353,1052.78,
2015,6,14,4660705,1233420,342483,1023.71,
2015,6,15,4660874,1233550,342613,1045.47,
2015,6,16,4661043,1233680,342743,1010.59,
2015,6,17,4661212,1233810,342873,992.48,
2015,6,18,4661381,1233940,343003,1038.35,
2015,6,19,4661550,1234070,343133,1031.14,
2015,6,20,4661719,1234200,343263,1038.82,
2015,6,21,4661888,1234330,343393,1038.31,
2015,6,22,4662057,1234460,343523,1033.59,
2015,6,23,4662226,1234590,343653,1037.9,
2015,6,24,4662395,1234720,343783,872.95,
2015,6,25,4662564,1234850,343913,986.12,
2015,6,26,4662733,1234980,344043,1066.08,
2015,6,27,4662902,1235110,344173,1070.11,
2015,6,28,4663071,1235240,344303,1062.52,
2015,6,29,4663240,1235370,344433,1059.67,
2015,6,30,4663409,1235500,344563,1003.05,
2015,7,1,4663578,1235630,344693,951.2,
2015,7,2,4663747,1235760,344823,990.12,
2015,7,3,4663916,1235890,344953,988.84,
2015,7,4,4664085,1236020,345083,956.99,
2015,7,5,4664254,1236150,345213,960.71,
2015,7,6,4664423,1236280,345343,1011.64,
2015,7,7,4664592,1236410,345473,973.45,
2015,7,8,4664761,1236540,345603,1003.64,
2015,7,9,4664930,1236670,345733,1005.88,
2015,7,10,4665099,1236800,345863,983.43,
2015,7,11,4665268,1236930,345993,976.59,
2015,7,12,4665437,1237060,346123,952.32,
2015,7,13,4665606,1237190,346253,1005.88,
2015,7,14,4665775,1237320,346383,975.68,
2015,7,15,4665944,1237450,346513,950.32,
2015,7,16,4666113,1237580,346643,997.32,
2015,7,17,4666282,1237710,346773,1000.05,
2015,7,18,4666451,1237840,346903,964.63,
2015,7,19,4666620,1237970,347033,1000.07,
2015,7,20,4666789,1238100,347163,998.97,
2015,7,21,4666958,1238230,347293,972.24,
2015,7,22,4667127,1238360,347423,1003.93,
2015,7,23,4667296,1238490,347553,978.43,
2015,7,24,4667465,1238620,347683,1002.51,
2015,7,25,4667634,1238750,347813,1006.95,
2015,7,26,4667803,1238880,347943,1005.25,
2015,7,27,4667972,1239010,348073,800.53,
2015,7,28,4668141,1239140,348203,813.5,
2015,7,29,4668310,1239270,348333,901.37,
2015,7,30,4668479,1239400,348463,965.26,
2015,7,31,4668648,1239530,348593,1011.25,
2015,8,1,4668817,1239660,348723,1102.11,
2015,8,2,4668986,1239790,348853,1100.53,
2015,8,3,4669155,1239920,348983,1069.09,
2015,8,4,4669324,1240050,349113,1094.83,
2015,8,5,4669493,1240180,349243,1099.11,
2015,8,6,4669662,1240310,349373,1115.18,
2015,8,7,4669831,1240440,349503,1098.16,
2015,8,8,4670000,1240570,349633,1101.76,
2015,8,9,4670169,1240700,349763,1090.49,
2015,8,10,4670338,1240830,349893,868.29,
2015,8,11,4670507,1240960,350023,1012.28,
2015,8,12,4670676,1241090,350153,898.01,
2015,8,13,4670845,1241220,350283,921.69,
2015,8,14,4671014,1241350,350413,1052.4,
2015,8,15,4671183,1241480,350543,1099.16,
2015,8,16,4671352,1241610,350673,1093.6,
2015,8,17,4671521,1241740,350803,1054.66,
2015,8,18,4671690,1241870,350933,1074.47,
2015,8,19,4671859,1242000,351063,1028.18,
2015,8,20,4672028,1242130,351193,1042.71,
2015,8,21,4672197,1242260,351323,1069.59,
2015,8,22,4672366,1242390,351453,1064.95,
2015,8,23,4672535,1242520,351583,1078.86,
2015,8,24,4672704,1242650,351713,1068.11,
2015,8,25,4672873,1242780,351843,1091.76,
2015,8,26,4673042,1242910,351973,1104.88,
2015,8,27,4673211,1243040,352103,1098.67,
2015,8,28,4673380,1243170,352233,1117.06,
2015,8,29,4673549,1243300,352363,1099.9,
2015,8,30,4673718,1243430,352493,1050.52,
2015,8,31,4673887,1243560,352623,1085.62,
2015,9,1,4674056,1243690,352753,1073.73,
2015,9,2,4674225,1243820,352883,1083.56,
2015,9,3,4674394,1243950,353013,1067.17,
2015,9,4,4674563,1244080,353143,1069.08,
2015,9,5,4674732,1244210,353273,1087.73,
2015,9,6,4674901,1244340,353403,1002.29,
2015,9,7,4675070,1244470,353533,1041.9,
2015,9,8,4675239,1244600,353663,974.82,
2015,9,9,4675408,1244730,353793,951.55,
2015,9,10,4675577,1244860,353923,1057.75,
2015,9,11,4675746,1244990,354053,1077.84,
2015,9,12,4675915,1245120,354183,1073.3,
2015,9,13,4676084,1245250,354313,1084.48,
2015,9,14,4676253,1245380,354443,1056.89,
2015,9,15,4676422,1245510,354573,1057.93,
2015,9,16,4676591,1245640,354703,1047.76,
2015,9,17,4676760,1245770,354833,1073.44,
2015,9,18,4676929,1245900,354963,1064.74,
2015,9,19,4677098,1246030,355093,1094.9,
2015,9,20,4677267,1246160,355223,1078.55,
2015,9,21,4677436,1246290,355353,1082.42,
2015,9,22,4677605,1246420,355483,1085.84,
2015,9,23,4677774,1246550,355613,1116.95,
2015,9,24,4677943,1246680,355743,1101.37,
2015,9,25,4678112,1246810,355873,1109.73,
2015,9,26,4678281,1246940,356003,1082.58,
2015,9,27,4678450,1247070,356133,1107.11,
2015,9,28,4678619,1247200,356263,1031.25,
2015,9,29,4678788,1247330,356393,993.68,
2015,9,30,4678957,1247460,356523,1084.68,
2015,10,1,4679126,1247590,356653,1066.53,
2015,10,2,4679295,1247720,356783,1073.08,
2015,10,3,4679464,1247850,356913,1073.26,
2015,10,4,4679633,1247980,357043,1076.89,
2015,10,5,4679802,1248110,357173,1077.26,
2015,10,6,4679971,1248240,357303,1085.16,
2015,10,7,4680140,1248370,357433,1088.51,
2015,10,8,4680309,1248500,357563,1103.27,
2015,10,9,4680478,1248630,357693,1083.5,
2015,10,10,4680647,1248760,357823,1090.42,
2015,10,11,4680816,1248890,357953,1101,
2015,10,12,4680985,1249020,358083,1103.58,
2015,10,13,4681154,1249150,358213,1083.04,
2015,10,14,4681323,1249280,358343,1140.45,
2015,10,15,4681492,1249410,358473,1134.34,
2015,10,16,4681661,1249540,358603,1148.67,
2015,10,17,4681830,1249670,358733,1134.22,
2015,10,18,4681999,1249800,358863,1139.72,
2015,10,19,4682168,1249930,358993,1116.9,
2015,10,20,4682337,1250060,359123,1126.54,
2015,10,21,4682506,1250190,359253,1096.61,
2015,10,22,4682675,1250320,359383,1153.64,
2015,10,23,4682844,1250450,359513,1111.49,
2015,10,24,4683013,1250580,359643,1105.57,
2015,10,25,4683182,1250710,359773,1067.68,
2015,10,26,4683351,1250840,359903,1054.34,
2015,10,27,4683520,1250970,360033,1081.37,
2015,10,28,4683689,1251100,360163,1072.57,
2015,10,29,4683858,1251230,360293,1079.09,
2015,10,30,4684027,1251360,360423,1072.48,
2015,10,31,4684196,1251490,360553,1080.59,
2015,11,1,4684365,1251620,360683,1077.13,
2015,11,2,4684534,1251750,360813,1052.89,
2015,11,3,4684703,1251880,360943,1137.54,
2015,11,4,4684872,1252010,361073,1131.54,
2015,11,5,4685041,1252140,361203,1076.59,
2015,11,6,4685210,1252270,361333,1084.78,
2015,11,7,4685379,1252400,361463,1135.31,
2015,11,8,4685548,1252530,361593,1112.36,
2015,11,9,4685717,1252660,361723,1109.22,
2015,11,10,4685886,1252790,361853,1061.3,
2015,11,11,4686055,1252920,361983,1028.25,
2015,11,12,4686224,1253050,362113,717.77,
2015,11,13,4686393,1253180,362243,1005.72,
2015,11,14,4686562,1253310,362373,997.68,
2015,11,15,4686731,1253440,362503,994.36,
2015,11,16,4686900,1253570,362633,971.45,
2015,11,17,4687069,1253700,362763,963.77,
2015,11,18,4687238,1253830,362893,1045.3,
2015,11,19,4687407,1253960,363023,1013.36,
2015,11,20,4687576,1254090,363153,1016.69,
2015,11,21,4687745,1254220,363283,1003.77,
2015,11,22,4687914,1254350,363413,1004.09,
2015,11,23,4688083,1254480,363543,967.05,
2015,11,24,4688252,1254610,363673,1082.56,
2015,11,25,4688421,1254740,363803,1034.61,
2015,11,26,4688590,1254870,363933,1034.63,
2015,11,27,4688759,1255000,364063,1014.97,
2015,11,28,4688928,1255130,364193,1027.4,
2015,11,29,4689097,1255260,364323,1033.7,
2015,11,30,4689266,1255390,364453,988.02,
2015,12,1,4689435,1255520,364583,1008.35,
2015,12,2,4689604,1255650,364713,997.48,
2015,12,3,4689773,1255780,364843,1000.17,
2015,12,4,4689942,1255910,364973,973.37,
2015,12,5,4690111,1256040,365103,1009.55,
2015,12,6,4690280,1256170,365233,1043.09,
2015,12,7,4690449,1256300,365363,1076.22,
2015,12,8,4690618,1256430,365493,1060.65,
2015,12,9,4690787,1256560,365623,1036.9,
2015,12,10,4690956,1256690,365753,1073.08,
2015,12,11,4691125,1256820,365883,1070.06,
2015,12,12,4691294,1256950,366013,1062.16,
2015,12,13,4691463,1257080,366143,1033.61,
2015,12,14,4691632,1257210,366273,987.88,
2015,12,15,4691801,1257340,366403,1033.61,
2015,12,16,4691970,1257470,366533,1056.03,
2015,12,17,4692139,1257600,366663,1060.83,
2015,12,18,4692308,1257730,366793,1003.65,
2015,12,19,4692477,1257860,366923,1064.61,
2015,12,20,4692646,1257990,367053,1088.94,
2015,12,21,4692815,1258120,367183,1059.87,
2015,12,22,4692984,1258250,367313,1067.26,
2015,12,23,4693153,1258380,367443,1062.38,
2015,12,24,4693322,1258510,367573,1056.61,
2015,12,25,4693491,1258640,367703,1031.22,
2015,12,26,4693660,1258770,367833,1041.2,
2015,12,27,4693829,1258900,367963,1068.3,
2015,12,28,4693998,1259030,368093,1036.34,
2015,12,29,4694167,1259160,368223,1015.8,
2015,12,30,4694336,1259290,368353,1021.42,
2015,12,31,4694505,1259420,368483,1032.15,
2016,1,1,4694674,1259747,338637,1030.52,
2016,1,2,4694802,1259873,338763,1083.05,
2016,1,3,4694930,1259999,338889,1053.28,
2016,1,4,4695058,1260125,339015,1041.33,
2016,1,5,4695186,1260251,339141,1009.6,
2016,1,6,4695314,1260377,339267,1019.04,
2016,1,7,4695442,1260503,339393,1032.24,
2016,1,8,4695570,1260629,339519,1061.87,
2016,1,9,4695698,1260755,339645,1044.93,
2016,1,10,4695826,1260881,339771,1010.05,
2016,1,11,4695954,1261007,339897,1043.09,
2016,1,12,4696082,1261133,340023,1073.67,
2016,1,13,4696210,1261259,340149,1046.05,
2016,1,14,4696338,1261385,340275,1001.02,
2016,1,15,4696466,1261511,340401,981.68,
2016,1,16,4696594,1261637,340527,1065.89,
2016,1,17,4696722,1261763,340653,1068.32,
2016,1,18,4696850,1261889,340779,1060.44,
2016,1,19,4696978,1262015,340905,1058.21,
2016,1,20,4697106,1262141,341031,1070.14,
2016,1,21,4697234,1262267,341157,1044.62,
2016,1,22,4697362,1262393,341283,1024.76,
2016,1,23,4697490,1262519,341409,1044.17,
2016,1,24,4697618,1262645,341535,1024.36,
2016,1,25,4697746,1262771,341661,1060.2,
2016,1,26,4697874,1262897,341787,1039.47,
2016,1,27,4698002,1263023,341913,1043.8,
2016,1,28,4698130,1263149,342039,1087.97,
2016,1,29,4698258,1263275,342165,1080.67,
2016,1,30,4698386,1263401,342291,1070.9,
2016,1,31,4698514,1263527,342417,1008.1,
2016,2,1,4698642,1263653,342543,1101.91,
2016,2,2,4698770,1263779,342669,1064.76,
2016,2,3,4698898,1263905,342795,1041.05,
2016,2,4,4699026,1264031,342921,1102.22,
2016,2,5,4699154,1264157,343047,1026.53,
2016,2,6,4699282,1264283,343173,1043.59,
2016,2,7,4699410,1264409,343299,1059.67,
2016,2,8,4699538,1264535,343425,1038.78,
2016,2,9,4699666,1264661,343551,1042.53,
2016,2,10,4699794,1264787,343677,1050.47,
2016,2,11,4699922,1264913,343803,1020.32,
2016,2,12,4700050,1265039,343929,1049.78,
2016,2,13,4700178,1265165,344055,1101.37,
2016,2,14,4700306,1265291,344181,1007.16,
2016,2,15,4700434,1265417,344307,1044.46,
2016,2,16,4700562,1265543,344433,1007.29,
2016,2,17,4700690,1265669,344559,1074.49,
2016,2,18,4700818,1265795,344685,1025.88,
2016,2,19,4700946,1265921,344811,1045.32,
2016,2,20,4701074,1266047,344937,730.4,
2016,2,21,4701202,1266173,345063,1003.54,
2016,2,22,4701330,1266299,345189,1022.42,
2016,2,23,4701458,1266425,345315,1063.76,
2016,2,24,4701586,1266551,345441,1047.01,
2016,2,25,4701714,1266677,345567,1049.54,
2016,2,26,4701842,1266803,345693,1016.35,
2016,2,27,4701970,1266929,345819,1044.43,
2016,2,28,4702098,1267055,345945,1030.86,
2016,2,29,4702226,1267181,346071,896.34,
2016,3,1,4702354,1267307,346197,989.78,
2016,3,2,4702482,1267433,346323,1076.12,
2016,3,3,4702610,1267559,346449,1018.54,
2016,3,4,4702738,1267685,346575,1022.29,
2016,3,5,4702866,1267811,346701,1040.62,
2016,3,6,4702994,1267937,346827,1098.26,
2016,3,7,4703122,1268063,346953,1052.46,
2016,3,8,4703250,1268189,347079,1049.94,
2016,3,9,4703378,1268315,347205,1046.47,
2016,3,10,4703506,1268441,347331,1049.81,
2016,3,11,4703634,1268567,347457,1060.86,
2016,3,12,4703762,1268693,347583,1010.56,
2016,3,13,4703890,1268819,347709,992.74,
2016,3,14,4704018,1268945,347835,1040.26,
2016,3,15,4704146,1269071,347961,1023.72,
2016,3,16,4704274,1269197,348087,1053.9,
2016,3,17,4704402,1269323,348213,1060.86,
2016,3,18,4704530,1269449,348339,1090.16,
2016,3,19,4704658,1269575,348465,1000.62,
2016,3,20,4704786,1269701,348591,1004.85,
2016,3,21,4704914,1269827,348717,1090.38,
2016,3,22,4705042,1269953,348843,972.87,
2016,3,23,4705170,1270079,348969,1064.74,
2016,3,24,4705298,1270205,349095,1069.55,
2016,3,25,4705426,1270331,349221,1030.88,
2016,3,26,4705554,1270457,349347,1031.4,
2016,3,27,4705682,1270583,349473,1084.84,
2016,3,28,4705810,1270709,349599,1063.31,
2016,3,29,4705938,1270835,349725,1100.36,
2016,3,30,4706066,1270961,349851,1056.71,
2016,3,31,4706194,1271087,349977,1070.23,
2016,4,1,4706322,1271213,350103,1051.83,
2016,4,2,4706450,1271339,350229,1070.68,
2016,4,3,4706578,1271465,350355,1049.36,
2016,4,4,4706706,1271591,350481,1051.1,
2016,4,5,4706834,1271717,350607,1081.03,
2016,4,6,4706962,1271843,350733,1065.95,
2016,4,7,4707090,1271969,350859,1083.13,
2016,4,8,4707218,1272095,350985,1102.91,
2016,4,9,4707346,1272221,351111,1102.74,
2016,4,10,4707474,1272347,351237,1087.44,
2016,4,11,4707602,1272473,351363,970.51,
2016,4,12,4707730,1272599,351489,1117.23,
2016,4,13,4707858,1272725,351615,1101.45,
2016,4,14,4707986,1272851,351741,1083.69,
2016,4,15,4708114,1272977,351867,1097.58,
2016,4,16,4708242,1273103,351993,1062.7,
2016,4,17,4708370,1273229,352119,1123.23,
2016,4,18,4708498,1273355,352245,1050.51,
2016,4,19,4708626,1273481,352371,1114.14,
2016,4,20,4708754,1273607,352497,1069.41,
2016,4,21,4708882,1273733,352623,1077.73,
2016,4,22,4709010,1273859,352749,1113.09,
2016,4,23,4709138,1273985,352875,1094,
2016,4,24,4709266,1274111,353001,1104.8,
2016,4,25,4709394,1274237,353127,1080.34,
2016,4,26,4709522,1274363,353253,1060.74,
2016,4,27,4709650,1274489,353379,1115.87,
2016,4,28,4709778,1274615,353505,1093.97,
2016,4,29,4709906,1274741,353631,1026.6,
2016,4,30,4710034,1274867,353757,1113.54,
2016,5,1,4710162,1274993,353883,1088.16,
2016,5,2,4710290,1275119,354009,1118.57,
2016,5,3,4710418,1275245,354135,1108.99,
2016,5,4,4710546,1275371,354261,1112.23,
2016,5,5,4710674,1275497,354387,1115.86,
2016,5,6,4710802,1275623,354513,1121.17,
2016,5,7,4710930,1275749,354639,1109.95,
2016,5,8,4711058,1275875,354765,1148.65,
2016,5,9,4711186,1276001,354891,1099.31,
2016,5,10,4711314,1276127,355017,882.38,
2016,5,11,4711442,1276253,355143,1079.34,
2016,5,12,4711570,1276379,355269,1145.73,
2016,5,13,4711698,1276505,355395,1096.34,
2016,5,14,4711826,1276631,355521,1053.28,
2016,5,15,4711954,1276757,355647,1137.59,
2016,5,16,4712082,1276883,355773,1077.5,
2016,5,17,4712210,1277009,355899,1123.19,
2016,5,18,4712338,1277135,356025,1108.01,
2016,5,19,4712466,1277261,356151,1131.05,
2016,5,20,4712594,1277387,356277,1146.47,
2016,5,21,4712722,1277513,356403,1124.24,
2016,5,22,4712850,1277639,356529,1175.33,
2016,5,23,4712978,1277765,356655,1128.58,
2016,5,24,4713106,1277891,356781,1158.92,
2016,5,25,4713234,1278017,356907,1141.33,
2016,5,26,4713362,1278143,357033,1167.07,
2016,5,27,4713490,1278269,357159,1171.6,
2016,5,28,4713618,1278395,357285,1146.74,
2016,5,29,4713746,1278521,357411,1130.52,
2016,5,30,4713874,1278647,357537,1120.64,
2016,5,31,4714002,1278773,357663,1140.89,
2016,6,1,4714130,1278899,357789,1097.95,
2016,6,2,4714258,1279025,357915,1091.36,
2016,6,3,4714386,1279151,358041,1146.91,
2016,6,4,4714514,1279277,358167,1117.97,
2016,6,5,4714642,1279403,358293,1161.95,
2016,6,6,4714770,1279529,358419,1107.58,
2016,6,7,4714898,1279655,358545,1121.55,
2016,6,8,4715026,1279781,358671,1121.55,
2016,6,9,4715154,1279907,358797,1079.06,
2016,6,10,4715282,1280033,358923,1171.23,
2016,6,11,4715410,1280159,359049,1189.21,
2016,6,12,4715538,1280285,359175,1182.44,
2016,6,13,4715666,1280411,359301,1134.29,
2016,6,14,4715794,1280537,359427,1120.29,
2016,6,15,4715922,1280663,359553,1152.71,
2016,6,16,4716050,1280789,359679,1120.01,
2016,6,17,4716178,1280915,359805,1155.02,
2016,6,18,4716306,1281041,359931,1137.91,
2016,6,19,4716434,1281167,360057,1155.47,
2016,6,20,4716562,1281293,360183,1126.48,
2016,6,21,4716690,1281419,360309,1109.22,
2016,6,22,4716818,1281545,360435,1129.31,
2016,6,23,4716946,1281671,360561,1092.05,
2016,6,24,4717074,1281797,360687,1116.01,
2016,6,25,4717202,1281923,360813,1087.24,
2016,6,26,4717330,1282049,360939,1130.05,
2016,6,27,4717458,1282175,361065,1126.24,
2016,6,28,4717586,1282301,361191,1134.96,
2016,6,29,4717714,1282427,361317,1134.96,
2016,6,30,4717842,1282553,361443,1137.96,
2016,7,1,4717970,1282679,361569,1121.54,
2016,7,2,4718098,1282805,361695,1106.13,
2016,7,3,4718226,1282931,361821,1145.38,
2016,7,4,4718354,1283057,361947,1055.97,
2016,7,5,4718482,1283183,362073,1141.67,
2016,7,6,4718610,1283309,362199,1159.57,
2016,7,7,4718738,1283435,362325,1121.38,
2016,7,8,4718866,1283561,362451,1148.34,
2016,7,9,4718994,1283687,362577,1115.44,
2016,7,10,4719122,1283813,362703,1152.81,
2016,7,11,4719250,1283939,362829,1157.12,
2016,7,12,4719378,1284065,362955,1127.29,
2016,7,13,4719506,1284191,363081,1118.99,
2016,7,14,4719634,1284317,363207,1152.5,
2016,7,15,4719762,1284443,363333,1119.36,
2016,7,16,4719890,1284569,363459,1152.61,
2016,7,17,4720018,1284695,363585,1091.08,
2016,7,18,4720146,1284821,363711,1127.51,
2016,7,19,4720274,1284947,363837,1089.02,
2016,7,20,4720402,1285073,363963,1132.97,
2016,7,21,4720530,1285199,364089,1073.12,
2016,7,22,4720658,1285325,364215,1126.99,
2016,7,23,4720786,1285451,364341,1094.63,
2016,7,24,4720914,1285577,364467,1164.47,
2016,7,25,4721042,1285703,364593,1117.98,
2016,7,26,4721170,1285829,364719,1088.85,
2016,7,27,4721298,1285955,364845,1041.6,
2016,7,28,4721426,1286081,364971,1141.74,
2016,7,29,4721554,1286207,365097,1142.04,
2016,7,30,4721682,1286333,365223,1131.25,
2016,7,31,4721810,1286459,365349,1148.96,
2016,8,1,4721938,1286585,365475,1126.99,
2016,8,2,4722066,1286711,365601,1138.95,
2016,8,3,4722194,1286837,365727,1122.98,
2016,8,4,4722322,1286963,365853,1129.69,
2016,8,5,4722450,1287089,365979,1134.27,
2016,8,6,4722578,1287215,366105,1146.05,
2016,8,7,4722706,1287341,366231,1143.84,
2016,8,8,4722834,1287467,366357,1150.05,
2016,8,9,4722962,1287593,366483,1120.32,
2016,8,10,4723090,1287719,366609,1090.11,
2016,8,11,4723218,1287845,366735,957.45,
2016,8,12,4723346,1287971,366861,1116,
2016,8,13,4723474,1288097,366987,1039.11,
2016,8,14,4723602,1288223,367113,1127.87,
2016,8,15,4723730,1288349,367239,1133.53,
2016,8,16,4723858,1288475,367365,1132.55,
2016,8,17,4723986,1288601,367491,1176.87,
2016,8,18,4724114,1288727,367617,1128.88,
2016,8,19,4724242,1288853,367743,1123.09,
2016,8,20,4724370,1288979,367869,1119.92,
2016,8,21,4724498,1289105,367995,1156.25,
2016,8,22,4724626,1289231,368121,1137.85,
2016,8,23,4724754,1289357,368247,1116.86,
2016,8,24,4724882,1289483,368373,1132.53,
2016,8,25,4725010,1289609,368499,1157.9,
2016,8,26,4725138,1289735,368625,1133.78,
2016,8,27,4725266,1289861,368751,1135.44,
2016,8,28,4725394,1289987,368877,1130.91,
2016,8,29,4725522,1290113,369003,1135.92,
2016,8,30,4725650,1290239,369129,1128.19,
2016,8,31,4725778,1290365,369255,1107.11,
2016,9,1,4725906,1290491,369381,1159.24,
2016,9,2,4726034,1290617,369507,1145.22,
2016,9,3,4726162,1290743,369633,1138.44,
2016,9,4,4726290,1290869,369759,1145.59,
2016,9,5,4726418,1290995,369885,1146.89,
2016,9,6,4726546,1291121,370011,1150.16,
2016,9,7,4726674,1291247,370137,1165.36,
2016,9,8,4726802,1291373,370263,1139.12,
2016,9,9,4726930,1291499,370389,1126.77,
2016,9,10,4727058,1291625,370515,1192.14,
2016,9,11,4727186,1291751,370641,1160.72,
2016,9,12,4727314,1291877,370767,1156.12,
2016,9,13,4727442,1292003,370893,1203.48,
2016,9,14,4727570,1292129,371019,1190.79,
2016,9,15,4727698,1292255,371145,1173.18,
2016,9,16,4727826,1292381,371271,1183.03,
2016,9,17,4727954,1292507,371397,1153.87,
2016,9,18,4728082,1292633,371523,1195.7,
2016,9,19,4728210,1292759,371649,1162.14,
2016,9,20,4728338,1292885,371775,1170.2,
2016,9,21,4728466,1293011,371901,1164.37,
2016,9,22,4728594,1293137,372027,1145.74,
2016,9,23,4728722,1293263,372153,1156.54,
2016,9,24,4728850,1293389,372279,1156.8,
2016,9,25,4728978,1293515,372405,1161.69,
2016,9,26,4729106,1293641,372531,1188.1,
2016,9,27,4729234,1293767,372657,1176.83,
2016,9,28,4729362,1293893,372783,1159.09,
2016,9,29,4729490,1294019,372909,1162.46,
2016,9,30,4729618,1294145,373035,1158.52,
2016,10,1,4729746,1294271,373161,1173.23,
2016,10,2,4729874,1294397,373287,1156.55,
2016,10,3,4730002,1294523,373413,1169.26,
2016,10,4,4730130,1294649,373539,1174.69,
2016,10,5,4730258,1294775,373665,1195.99,
2016,10,6,4730386,1294901,373791,1196.31,
2016,10,7,4730514,1295027,373917,1234.78,
2016,10,8,4730642,1295153,374043,1203.08,
2016,10,9,4730770,1295279,374169,1156.92,
2016,10,10,4730898,1295405,374295,1156.71,
2016,10,11,4731026,1295531,374421,1178.95,
2016,10,12,4731154,1295657,374547,1131.66,
2016,10,13,4731282,1295783,374673,1174.82,
2016,10,14,4731410,1295909,374799,1172.95,
2016,10,15,4731538,1296035,374925,1179.02,
2016,10,16,4731666,1296161,375051,1170.83,
2016,10,17,4731794,1296287,375177,1215.79,
2016,10,18,4731922,1296413,375303,1202.93,
2016,10,19,4732050,1296539,375429,1217.67,
2016,10,20,4732178,1296665,375555,1204.69,
2016,10,21,4732306,1296791,375681,1160.78,
2016,10,22,4732434,1296917,375807,1239.71,
2016,10,23,4732562,1297043,375933,1216.57,
2016,10,24,4732690,1297169,376059,1247.26,
2016,10,25,4732818,1297295,376185,1251.28,
2016,10,26,4732946,1297421,376311,1228.33,
2016,10,27,4733074,1297547,376437,1249.85,
2016,10,28,4733202,1297673,376563,1204.08,
2016,10,29,4733330,1297799,376689,1188.73,
2016,10,30,4733458,1297925,376815,1129.67,
2016,10,31,4733586,1298051,376941,1142.61,
2016,11,1,4733714,1298177,377067,1165.48,
2016,11,2,4733842,1298303,377193,1083.35,
2016,11,3,4733970,1298429,377319,1103.25,
2016,11,4,4734098,1298555,377445,1117.92,
2016,11,5,4734226,1298681,377571,1060.64,
2016,11,6,4734354,1298807,377697,1090.49,
2016,11,7,4734482,1298933,377823,998.86,
2016,11,8,4734610,1299059,377949,986.66,
2016,11,9,4734738,1299185,378075,1068.37,
2016,11,10,4734866,1299311,378201,1095.97,
2016,11,11,4734994,1299437,378327,1129.25,
2016,11,12,4735122,1299563,378453,1127.82,
2016,11,13,4735250,1299689,378579,1087.63,
2016,11,14,4735378,1299815,378705,1097.53,
2016,11,15,4735506,1299941,378831,1049.07,
2016,11,16,4735634,1300067,378957,1125.05,
2016,11,17,4735762,1300193,379083,1074.24,
2016,11,18,4735890,1300319,379209,1085.54,
2016,11,19,4736018,1300445,379335,1060.72,
2016,11,20,4736146,1300571,379461,1079.09,
2016,11,21,4736274,1300697,379587,1050.6,
2016,11,22,4736402,1300823,379713,1089.35,
2016,11,23,4736530,1300949,379839,1113.12,
2016,11,24,4736658,1301075,379965,1082.57,
2016,11,25,4736786,1301201,380091,1162.16,
2016,11,26,4736914,1301327,380217,1099.28,
2016,11,27,4737042,1301453,380343,1060.72,
2016,11,28,4737170,1301579,380469,1118.33,
2016,11,29,4737298,1301705,380595,1113.15,
2016,11,30,4737426,1301831,380721,1063.61,
2016,12,1,4737554,1301957,380847,1079.82,
2016,12,2,4737682,1302083,380973,1084.57,
2016,12,3,4737810,1302209,381099,1089.74,
2016,12,4,4737938,1302335,381225,1099.02,
2016,12,5,4738066,1302461,381351,1096.77,
2016,12,6,4738194,1302587,381477,1117.53,
2016,12,7,4738322,1302713,381603,1061,
2016,12,8,4738450,1302839,381729,1128,
2016,12,9,4738578,1302965,381855,1103.06,
2016,12,10,4738706,1303091,381981,1077.78,
2016,12,11,4738834,1303217,382107,1127.44,
2016,12,12,4738962,1303343,382233,1097.74,
2016,12,13,4739090,1303469,382359,1114.86,
2016,12,14,4739218,1303595,382485,1077.98,
2016,12,15,4739346,1303721,382611,1130.56,
2016,12,16,4739474,1303847,382737,1097.54,
2016,12,17,4739602,1303973,382863,1103.89,
2016,12,18,4739730,1304099,382989,1090.37,
2016,12,19,4739858,1304225,383115,1101.69,
2016,12,20,4739986,1304351,383241,1111.04,
2016,12,21,4740114,1304477,383367,1158.16,
2016,12,22,4740242,1304603,383493,1141.87,
2016,12,23,4740370,1304729,383619,1097.98,
2016,12,24,4740498,1304855,383745,1143.39,
2016,12,25,4740626,1304981,383871,1113.7,
2016,12,26,4740754,1305107,383997,1123.38,
2016,12,27,4740882,1305233,384123,1089.96,
2016,12,28,4741010,1305359,384249,1150.5,
2016,12,29,4741138,1305485,384375,1110.51,
2016,12,30,4741266,1305611,384501,1158.8,
2016,12,31,4741394,1305737,384627,1137.7,
2017,1,1,4741522,1305864,384754,1143.42,
2017,1,2,4741652,1305991,384881,1094.43,
2017,1,3,4741782,1306118,385008,1157.13,
2017,1,4,4741912,1306245,385135,1114.47,
2017,1,5,4742042,1306372,385262,1135.33,
2017,1,6,4742172,1306499,385389,1140.19,
2017,1,7,4742302,1306626,385516,1138.06,
2017,1,8,4742432,1306753,385643,1124.28,
2017,1,9,4742562,1306880,385770,1041.2,
2017,1,10,4742692,1307007,385897,1052.67,
2017,1,11,4742822,1307134,386024,1108.3,
2017,1,12,4742952,1307261,386151,1074.6,
2017,1,13,4743082,1307388,386278,1062.28,
2017,1,14,4743212,1307515,386405,1031.86,
2017,1,15,4743342,1307642,386532,1039.01,
2017,1,16,4743472,1307769,386659,993.69,
2017,1,17,4743602,1307896,386786,1030.12,
2017,1,18,4743732,1308023,386913,1018.33,
2017,1,19,4743862,1308150,387040,1043.97,
2017,1,20,4743992,1308277,387167,1082.81,
2017,1,21,4744122,1308404,387294,1091.35,
2017,1,22,4744252,1308531,387421,1124.96,
2017,1,23,4744382,1308658,387548,1125.7,
2017,1,24,4744512,1308785,387675,1081.76,
2017,1,25,4744642,1308912,387802,1122.83,
2017,1,26,4744772,1309039,387929,1080.83,
2017,1,27,4744902,1309166,388056,1090.01,
2017,1,28,4745032,1309293,388183,1139.71,
2017,1,29,4745162,1309420,388310,1104.45,
2017,1,30,4745292,1309547,388437,1109.17,
2017,1,31,4745422,1309674,388564,1074.66,
2017,2,1,4745552,1309801,388691,1148.76,
2017,2,2,4745682,1309928,388818,1115.69,
2017,2,3,4745812,1310055,388945,1152.27,
2017,2,4,4745942,1310182,389072,1178.79,
2017,2,5,4746072,1310309,389199,1156.91,
2017,2,6,4746202,1310436,389326,1100.8,
2017,2,7,4746332,1310563,389453,1150.31,
2017,2,8,4746462,1310690,389580,1152.8,
2017,2,9,4746592,1310817,389707,1144.97,
2017,2,10,4746722,1310944,389834,1160.07,
2017,2,11,4746852,1311071,389961,1095.5,
2017,2,12,4746982,1311198,390088,1104.6,
2017,2,13,4747112,1311325,390215,1145.2,
2017,2,14,4747242,1311452,390342,1133.26,
2017,2,15,4747372,1311579,390469,1129.55,
2017,2,16,4747502,1311706,390596,1122.58,
2017,2,17,4747632,1311833,390723,1128.38,
2017,2,18,4747762,1311960,390850,1120.75,
2017,2,19,4747892,1312087,390977,1192.01,
2017,2,20,4748022,1312214,391104,1180.6,
2017,2,21,4748152,1312341,391231,1187.36,
2017,2,22,4748282,1312468,391358,1119.51,
2017,2,23,4748412,1312595,391485,1161.07,
2017,2,24,4748542,1312722,391612,1162.3,
2017,2,25,4748672,1312849,391739,1148.19,
2017,2,26,4748802,1312976,391866,1153.42,
2017,2,27,4748932,1313103,391993,1183.99,
2017,2,28,4749062,1313230,392120,1159.06,
2017,3,1,4749192,1313357,392247,1174.14,
2017,3,2,4749322,1313484,392374,1160.87,
2017,3,3,4749452,1313611,392501,1150.28,
2017,3,4,4749582,1313738,392628,1144.83,
2017,3,5,4749712,1313865,392755,1197,
2017,3,6,4749842,1313992,392882,1172.31,
2017,3,7,4749972,1314119,393009,1152.31,
2017,3,8,4750102,1314246,393136,1146.85,
2017,3,9,4750232,1314373,393263,1183.02,
2017,3,10,4750362,1314500,393390,1171.36,
2017,3,11,4750492,1314627,393517,1174.49,
2017,3,12,4750622,1314754,393644,1097.69,
2017,3,13,4750752,1314881,393771,1053.45,
2017,3,14,4750882,1315008,393898,1108.66,
2017,3,15,4751012,1315135,394025,1142.22,
2017,3,16,4751142,1315262,394152,1156.24,
2017,3,17,4751272,1315389,394279,1157.59,
2017,3,18,4751402,1315516,394406,1171.86,
2017,3,19,4751532,1315643,394533,1172.5,
2017,3,20,4751662,1315770,394660,1066.66,
2017,3,21,4751792,1315897,394787,1064.62,
2017,3,22,4751922,1316024,394914,1235.89,
2017,3,23,4752052,1316151,395041,1214.99,
2017,3,24,4752182,1316278,395168,1207.07,
2017,3,25,4752312,1316405,395295,1189.53,
2017,3,26,4752442,1316532,395422,1174.22,
2017,3,27,4752572,1316659,395549,1198.85,
2017,3,28,4752702,1316786,395676,1189.53,
2017,3,29,4752832,1316913,395803,1182.25,
2017,3,30,4752962,1317040,395930,1166.74,
2017,3,31,4753092,1317167,396057,1182.25,
2017,4,1,4753222,1317294,396184,1171.68,
2017,4,2,4753352,1317421,396311,1210.52,
2017,4,3,4753482,1317548,396438,1202.08,
2017,4,4,4753612,1317675,396565,1233.62,
2017,4,5,4753742,1317802,396692,1224.67,
2017,4,6,4753872,1317929,396819,1207.58,
2017,4,7,4754002,1318056,396946,1180.64,
2017,4,8,4754132,1318183,397073,1185.59,
2017,4,9,4754262,1318310,397200,1185.88,
2017,4,10,4754392,1318437,397327,1203.2,
2017,4,11,4754522,1318564,397454,1155.91,
2017,4,12,4754652,1318691,397581,1210.92,
2017,4,13,4754782,1318818,397708,1218.83,
2017,4,14,4754912,1318945,397835,1129.48,
2017,4,15,4755042,1319072,397962,1251.23,
2017,4,16,4755172,1319199,398089,1219.51,
2017,4,17,4755302,1319326,398216,1247.32,
2017,4,18,4755432,1319453,398343,1236.06,
2017,4,19,4755562,1319580,398470,1137.98,
2017,4,20,4755692,1319707,398597,1210.98,
2017,4,21,4755822,1319834,398724,1188.8,
2017,4,22,4755952,1319961,398851,1218.36,
2017,4,23,4756082,1320088,398978,1239.48,
2017,4,24,4756212,1320215,399105,1222.44,
2017,4,25,4756342,1320342,399232,1170.52,
2017,4,26,4756472,1320469,399359,1250.89,
2017,4,27,4756602,1320596,399486,1211.75,
2017,4,28,4756732,1320723,399613,1153.4,
2017,4,29,4756862,1320850,399740,1207.74,
2017,4,30,4756992,1320977,399867,1252.22,
2017,5,1,4757122,1321104,399994,1199.95,
2017,5,2,4757252,1321231,400121,1234.71,
2017,5,3,4757382,1321358,400248,1251.29,
,,,,,,1088.711518,
